id,first_name,email,gender
1,North,ndenington0@vinaora.com,Male
2,Jodie,jklishin1@jigsy.com,Female
3,Hort,hclausson2@blogspot.com,Male
4,Noel,nlebrun3@jalbum.net,Male
5,Billy,bbrooking4@fc2.com,Female
6,Denis,dcollard5@sun.com,Male
7,Flem,fstepto6@yellowpages.com,Male
8,Anstice,aguinane7@howstuffworks.com,Female
9,Rosa,rvest8@craigslist.org,Female
10,Hyacinth,hcolebourn9@nifty.com,Polygender
11,Dionne,dfusedalea@4shared.com,Female
12,Rosene,rchaikovskib@tiny.cc,Female
13,Kahlil,kzuckerc@wiley.com,Male
14,Philippine,pbraybrooked@bbb.org,Female
15,Uriah,uedlestone@sciencedaily.com,Male
16,Ogdon,oolivettaf@hatena.ne.jp,Male
17,Tricia,tpeschmanng@cargocollective.com,Female
18,Rutger,rditchburnh@amazon.com,Male
19,Teador,tchipchasei@blogs.com,Male
20,Gwenette,gcorbettj@t-online.de,Female
